{"cameraMode":{"drawMode":0,"name":"Shaded","section":"Shading Mode"},"sceneLighting":true,"audioPlay":false,"sceneViewState":{"showFog":true,"showMaterialUpdate":false,"showSkybox":true,"showFlares":true,"showImageEffects":true,"showParticleSystems":true},"in2DMode":false,"pivot":{"x":2138.490234375,"y":1215.10400390625,"z":-3520.7958984375},"rotation":{"x":0.11624225229024887,"y":0.055686529725790027,"z":0.006527600809931755,"w":-0.991637110710144},"size":2888.021240234375,"orthographic":false}