{"cameraMode":{"drawMode":0,"name":"Shaded","section":"Shading Mode"},"sceneLighting":false,"audioPlay":false,"sceneViewState":{"showFog":true,"showMaterialUpdate":false,"showSkybox":true,"showFlares":true,"showImageEffects":true,"showParticleSystems":true},"in2DMode":false,"pivot":{"x":-74.19998168945313,"y":26.4000244140625,"z":1.999983310699463},"rotation":{"x":-0.08064500987529755,"y":0.11842338740825653,"z":-0.009650222025811673,"w":-0.9896358847618103},"size":338.9224548339844,"orthographic":false}