{"cameraMode":{"drawMode":0,"name":"Shaded","section":"Shading Mode"},"sceneLighting":true,"audioPlay":false,"sceneViewState":{"showFog":true,"showMaterialUpdate":false,"showSkybox":true,"showFlares":true,"showImageEffects":true,"showParticleSystems":true},"in2DMode":false,"pivot":{"x":-77.68495178222656,"y":-46.7272834777832,"z":-3824.638671875},"rotation":{"x":-0.013752846978604794,"y":0.09046469628810883,"z":-0.001249525579623878,"w":-0.995803952217102},"size":150.52195739746095,"orthographic":false}